{"train_losses": [18.970508575439453, 16.64774513244629, 15.744485855102539, 15.338025093078613, 14.545855522155762, 13.629980087280273, 12.809114456176758, 11.72108268737793, 9.999557495117188, 9.659767150878906, 8.680449485778809, 8.013233184814453, 7.841486930847168, 7.967287063598633, 7.528744220733643, 7.280578136444092, 7.850396156311035, 7.350088119506836, 6.949805736541748, 6.795009613037109, 6.713186740875244, 6.622485637664795, 6.827385425567627, 6.822305679321289, 6.425131320953369, 6.383535385131836, 6.25520133972168, 6.458287715911865, 6.20090913772583, 6.169981956481934, 6.089601993560791, 6.034287452697754, 6.03065299987793, 6.158112049102783, 6.171157360076904, 5.99279260635376, 5.927056312561035, 5.899482250213623, 6.056440830230713, 5.862659454345703, 6.218937397003174, 5.78240442276001, 5.7549028396606445, 5.734202861785889, 5.827727794647217, 5.660212993621826, 5.695060729980469, 5.637136936187744, 5.799552917480469, 5.5960822105407715, 5.601104259490967, 5.756870746612549, 5.673590183258057, 5.547713279724121, 5.66368293762207, 5.594782829284668, 5.56772518157959, 5.558849334716797, 5.499013900756836, 5.484828948974609, 5.527165412902832, 5.535220623016357, 5.509766578674316, 5.464555740356445, 5.536062717437744, 5.5730085372924805, 5.551253795623779, 5.409071922302246, 5.405174255371094, 5.489261150360107, 5.455779552459717, 5.4089508056640625, 5.402401447296143, 5.418456554412842, 5.390509128570557, 5.350890636444092, 5.404472827911377, 5.471272945404053, 5.374066352844238, 5.36680269241333, 5.3332037925720215, 5.371278285980225], "train_perplexities": [173295456.0, 16983370.0, 6882454.0, 4583736.5, 2075796.625, 830663.5, 365533.96875, 123140.6796875, 22016.720703125, 15674.134765625, 5886.69189453125, 3020.667724609375, 2543.98486328125, 2885.019775390625, 1860.767333984375, 1451.8271484375, 2566.7509765625, 1556.3336181640625, 1042.9471435546875, 893.3778686523438, 823.1897583007812, 751.8115234375, 922.7749633789062, 918.0994262695312, 617.161865234375, 592.0170288085938, 520.7142333984375, 637.9677124023438, 493.1972351074219, 478.177490234375, 441.2457580566406, 417.501220703125, 415.986572265625, 472.53509521484375, 478.7398681640625, 400.5315856933594, 375.0488586425781, 364.8485107421875, 426.8534851074219, 351.6581115722656, 502.1693420410156, 324.53857421875, 315.73486328125, 309.266357421875, 339.586181640625, 287.2098083496094, 297.3948669433594, 280.65802001953125, 330.15191650390625, 269.3690185546875, 270.7251892089844, 316.3568115234375, 291.07769775390625, 256.6499938964844, 288.2081298828125, 269.01922607421875, 261.8377990722656, 259.5240478515625, 244.4507598876953, 241.00772094726562, 251.43020629882812, 253.4636993408203, 247.09344482421875, 236.17091369628906, 253.67723083496094, 263.2248229980469, 257.5602722167969, 223.42413330078125, 222.55499267578125, 242.07827758789062, 234.1072998046875, 223.39707946777344, 221.93875122070312, 225.53076171875, 219.3150177001953, 210.79595947265625, 222.39894104003906, 237.76266479492188, 215.7383575439453, 214.17698669433594, 207.1004180908203, 215.1376953125], "valid_losses": [5.996371746063232, 5.98346471786499, 6.112655162811279, 6.164395332336426, 5.9173126220703125, 5.875280380249023, 5.3828229904174805, 5.37636137008667, 5.383594036102295, 5.460282325744629, 5.395237445831299, 5.4008469581604], "valid_perplexities": [401.96771240234375, 396.8128356933594, 451.5360412597656, 475.5135192871094, 371.4122314453125, 356.12451171875, 217.6357879638672, 216.23403930664062, 217.8036651611328, 235.16380310058594, 220.35446166992188, 221.59402465820312]}