{"train_losses": [18.970508575439453, 16.64774513244629, 15.744485855102539, 15.338025093078613, 14.545855522155762, 13.629980087280273, 12.809114456176758, 11.72108268737793, 9.999557495117188, 9.659767150878906, 8.680449485778809, 8.013233184814453, 7.841486930847168, 7.967287063598633, 7.528744220733643, 7.280578136444092, 7.850396156311035, 7.350088119506836, 6.949805736541748, 6.795009613037109, 6.713186740875244, 6.622485637664795, 6.827385425567627, 6.822305679321289, 6.425131320953369, 6.383535385131836, 6.25520133972168, 6.458287715911865, 6.20090913772583, 6.169981956481934, 6.089601993560791, 6.034287452697754, 6.03065299987793, 6.158112049102783, 6.171157360076904, 5.99279260635376, 5.927056312561035, 5.899482250213623, 6.056440830230713, 5.862659454345703, 6.218937397003174], "train_perplexities": [173295456.0, 16983370.0, 6882454.0, 4583736.5, 2075796.625, 830663.5, 365533.96875, 123140.6796875, 22016.720703125, 15674.134765625, 5886.69189453125, 3020.667724609375, 2543.98486328125, 2885.019775390625, 1860.767333984375, 1451.8271484375, 2566.7509765625, 1556.3336181640625, 1042.9471435546875, 893.3778686523438, 823.1897583007812, 751.8115234375, 922.7749633789062, 918.0994262695312, 617.161865234375, 592.0170288085938, 520.7142333984375, 637.9677124023438, 493.1972351074219, 478.177490234375, 441.2457580566406, 417.501220703125, 415.986572265625, 472.53509521484375, 478.7398681640625, 400.5315856933594, 375.0488586425781, 364.8485107421875, 426.8534851074219, 351.6581115722656, 502.1693420410156], "valid_losses": [5.996371746063232, 5.98346471786499, 6.112655162811279, 6.164395332336426, 5.9173126220703125, 5.875280380249023], "valid_perplexities": [401.96771240234375, 396.8128356933594, 451.5360412597656, 475.5135192871094, 371.4122314453125, 356.12451171875]}