{"train_losses": [18.845766067504883, 18.83196258544922, 18.24359130859375, 18.10480308532715, 17.66792869567871, 17.418502807617188, 17.259069442749023, 16.728517532348633, 16.870269775390625, 17.363306045532227, 17.00413703918457, 16.127391815185547, 17.486852645874023, 16.785371780395508, 17.43374252319336, 16.876373291015625, 18.91986846923828, 17.84337615966797, 17.311552047729492, 17.798521041870117, 15.650168418884277, 17.813142776489258, 18.293254852294922, 16.720178604125977, 17.80998992919922, 15.586718559265137, 17.784587860107422, 16.169809341430664, 16.650331497192383, 18.326923370361328, 16.05889320373535, 17.75149154663086, 17.163650512695312, 16.664033889770508, 17.76936149597168, 17.756378173828125, 16.6807861328125, 17.72216033935547, 17.230104446411133, 16.642044067382812, 17.236953735351562], "train_perplexities": [152972096.0, 150875056.0, 83770488.0, 72914864.0, 47106836.0, 36707908.0, 31298146.0, 18412080.0, 21216076.0, 34736656.0, 24255090.0, 10093395.0, 39304620.0, 19489214.0, 37271612.0, 21345966.0, 164738256.0, 56140956.0, 32984624.0, 53678388.0, 6262991.0, 54469028.0, 88035864.0, 18259182.0, 54297564.0, 5877949.5, 52935664.0, 10530742.0, 17027352.0, 91050368.0, 9425159.0, 51212364.0, 28449766.0, 17262272.0, 52135752.0, 51463232.0, 17553890.0, 49732060.0, 30404600.0, 16886822.0, 30613564.0], "valid_losses": [18.4371280670166, 17.209556579589844, 17.739362716674805, 16.660024642944336, 18.85136604309082, 19.12188720703125], "valid_perplexities": [101658336.0, 29786224.0, 50594968.0, 17193202.0, 153831136.0, 201618368.0]}